--
-- PostgreSQL database dump
--

\restrict tyhyV6kcWupRjsQ9xWaJ5zr3PMfHUQU226745kDP8a53zD1F8EoPwOlRQPWs1Mp

-- Dumped from database version 18.3
-- Dumped by pg_dump version 18.3

SET statement_timeout = 0;
SET lock_timeout = 0;
SET idle_in_transaction_session_timeout = 0;
SET transaction_timeout = 0;
SET client_encoding = 'UTF8';
SET standard_conforming_strings = on;
SELECT pg_catalog.set_config('search_path', '', false);
SET check_function_bodies = false;
SET xmloption = content;
SET client_min_messages = warning;
SET row_security = off;

--
-- Name: public; Type: SCHEMA; Schema: -; Owner: postgres
--

-- *not* creating schema, since initdb creates it


ALTER SCHEMA public OWNER TO postgres;

--
-- Name: SCHEMA public; Type: COMMENT; Schema: -; Owner: postgres
--

COMMENT ON SCHEMA public IS '';


SET default_tablespace = '';

SET default_table_access_method = heap;

--
-- Name: announcements; Type: TABLE; Schema: public; Owner: postgres
--

CREATE TABLE public.announcements (
    id bigint NOT NULL,
    archived boolean,
    category character varying(255),
    content text NOT NULL,
    image_url character varying(255),
    is_archived boolean,
    is_pinned boolean,
    pinned boolean,
    published_at timestamp(6) with time zone,
    title character varying(255) NOT NULL,
    updated_at timestamp(6) with time zone,
    author_id uuid
);


ALTER TABLE public.announcements OWNER TO postgres;

--
-- Name: announcements_id_seq; Type: SEQUENCE; Schema: public; Owner: postgres
--

ALTER TABLE public.announcements ALTER COLUMN id ADD GENERATED BY DEFAULT AS IDENTITY (
    SEQUENCE NAME public.announcements_id_seq
    START WITH 1
    INCREMENT BY 1
    NO MINVALUE
    NO MAXVALUE
    CACHE 1
);


--
-- Name: audit_logs; Type: TABLE; Schema: public; Owner: postgres
--

CREATE TABLE public.audit_logs (
    id bigint NOT NULL,
    action character varying(255) NOT NULL,
    created_at timestamp(6) with time zone NOT NULL,
    details text,
    ip_address character varying(255),
    updated_at timestamp(6) with time zone,
    user_agent character varying(255),
    user_id uuid
);


ALTER TABLE public.audit_logs OWNER TO postgres;

--
-- Name: audit_logs_id_seq; Type: SEQUENCE; Schema: public; Owner: postgres
--

ALTER TABLE public.audit_logs ALTER COLUMN id ADD GENERATED BY DEFAULT AS IDENTITY (
    SEQUENCE NAME public.audit_logs_id_seq
    START WITH 1
    INCREMENT BY 1
    NO MINVALUE
    NO MAXVALUE
    CACHE 1
);


--
-- Name: audit_records; Type: TABLE; Schema: public; Owner: postgres
--

CREATE TABLE public.audit_records (
    id bigint NOT NULL,
    amount numeric(15,2),
    category character varying(255),
    date timestamp(6) without time zone,
    description character varying(255),
    is_deleted boolean NOT NULL,
    type character varying(255),
    updated_at timestamp(6) with time zone,
    user_id uuid
);


ALTER TABLE public.audit_records OWNER TO postgres;

--
-- Name: audit_records_id_seq; Type: SEQUENCE; Schema: public; Owner: postgres
--

ALTER TABLE public.audit_records ALTER COLUMN id ADD GENERATED BY DEFAULT AS IDENTITY (
    SEQUENCE NAME public.audit_records_id_seq
    START WITH 1
    INCREMENT BY 1
    NO MINVALUE
    NO MAXVALUE
    CACHE 1
);


--
-- Name: candidates; Type: TABLE; Schema: public; Owner: postgres
--

CREATE TABLE public.candidates (
    id bigint NOT NULL,
    created_at timestamp(6) with time zone NOT NULL,
    credentials character varying(500),
    name character varying(255) NOT NULL,
    "position" character varying(100),
    vote_count bigint NOT NULL,
    election_id bigint NOT NULL
);


ALTER TABLE public.candidates OWNER TO postgres;

--
-- Name: candidates_id_seq; Type: SEQUENCE; Schema: public; Owner: postgres
--

ALTER TABLE public.candidates ALTER COLUMN id ADD GENERATED BY DEFAULT AS IDENTITY (
    SEQUENCE NAME public.candidates_id_seq
    START WITH 1
    INCREMENT BY 1
    NO MINVALUE
    NO MAXVALUE
    CACHE 1
);


--
-- Name: community_projects; Type: TABLE; Schema: public; Owner: postgres
--

CREATE TABLE public.community_projects (
    id bigint NOT NULL,
    budget numeric(15,2),
    description character varying(255),
    name character varying(255),
    progress integer NOT NULL,
    start_date date,
    status character varying(255),
    timeline character varying(255)
);


ALTER TABLE public.community_projects OWNER TO postgres;

--
-- Name: community_projects_id_seq; Type: SEQUENCE; Schema: public; Owner: postgres
--

ALTER TABLE public.community_projects ALTER COLUMN id ADD GENERATED BY DEFAULT AS IDENTITY (
    SEQUENCE NAME public.community_projects_id_seq
    START WITH 1
    INCREMENT BY 1
    NO MINVALUE
    NO MAXVALUE
    CACHE 1
);


--
-- Name: complaints; Type: TABLE; Schema: public; Owner: postgres
--

CREATE TABLE public.complaints (
    id bigint NOT NULL,
    body text NOT NULL,
    category character varying(255),
    content text NOT NULL,
    created_at timestamp(6) with time zone,
    responded_at timestamp(6) with time zone,
    response text,
    status character varying(255) NOT NULL,
    subject character varying(255) NOT NULL,
    updated_at timestamp(6) with time zone,
    urgency character varying(255),
    responded_by_id uuid,
    user_id uuid NOT NULL,
    member_id bigint NOT NULL
);


ALTER TABLE public.complaints OWNER TO postgres;

--
-- Name: complaints_id_seq; Type: SEQUENCE; Schema: public; Owner: postgres
--

ALTER TABLE public.complaints ALTER COLUMN id ADD GENERATED BY DEFAULT AS IDENTITY (
    SEQUENCE NAME public.complaints_id_seq
    START WITH 1
    INCREMENT BY 1
    NO MINVALUE
    NO MAXVALUE
    CACHE 1
);


--
-- Name: elections; Type: TABLE; Schema: public; Owner: postgres
--

CREATE TABLE public.elections (
    id bigint NOT NULL,
    created_at timestamp(6) with time zone NOT NULL,
    description character varying(255),
    end_date timestamp(6) with time zone NOT NULL,
    start_date timestamp(6) with time zone NOT NULL,
    status character varying(20) NOT NULL,
    title character varying(255) NOT NULL,
    created_by uuid
);


ALTER TABLE public.elections OWNER TO postgres;

--
-- Name: elections_id_seq; Type: SEQUENCE; Schema: public; Owner: postgres
--

ALTER TABLE public.elections ALTER COLUMN id ADD GENERATED BY DEFAULT AS IDENTITY (
    SEQUENCE NAME public.elections_id_seq
    START WITH 1
    INCREMENT BY 1
    NO MINVALUE
    NO MAXVALUE
    CACHE 1
);


--
-- Name: members; Type: TABLE; Schema: public; Owner: postgres
--

CREATE TABLE public.members (
    id bigint NOT NULL,
    birth_date date,
    contact_number character varying(255),
    created_at timestamp(6) with time zone,
    date_registered date,
    email character varying(255),
    family_members text,
    full_name character varying(255),
    gender character varying(255),
    hoa_address character varying(255),
    marital_status character varying(255),
    password character varying(255),
    role character varying(255),
    status character varying(255),
    updated_at timestamp(6) with time zone,
    username character varying(255)
);


ALTER TABLE public.members OWNER TO postgres;

--
-- Name: members_id_seq; Type: SEQUENCE; Schema: public; Owner: postgres
--

ALTER TABLE public.members ALTER COLUMN id ADD GENERATED BY DEFAULT AS IDENTITY (
    SEQUENCE NAME public.members_id_seq
    START WITH 1
    INCREMENT BY 1
    NO MINVALUE
    NO MAXVALUE
    CACHE 1
);


--
-- Name: users; Type: TABLE; Schema: public; Owner: postgres
--

CREATE TABLE public.users (
    id uuid NOT NULL,
    created_at timestamp(6) with time zone NOT NULL,
    password_hash character varying(255) NOT NULL,
    role character varying(20) NOT NULL,
    status character varying(20) DEFAULT 'ACTIVE'::character varying NOT NULL,
    updated_at timestamp(6) with time zone NOT NULL,
    username character varying(50) NOT NULL,
    CONSTRAINT users_role_check CHECK (((role)::text = ANY ((ARRAY['MEMBER'::character varying, 'ADMIN'::character varying, 'SUPERADMIN'::character varying])::text[]))),
    CONSTRAINT users_status_check CHECK (((status)::text = ANY ((ARRAY['ACTIVE'::character varying, 'INACTIVE'::character varying, 'SUSPENDED'::character varying])::text[])))
);


ALTER TABLE public.users OWNER TO postgres;

--
-- Name: vote_tracker; Type: TABLE; Schema: public; Owner: postgres
--

CREATE TABLE public.vote_tracker (
    id bigint NOT NULL,
    election_id bigint NOT NULL,
    has_voted boolean NOT NULL,
    member_id bigint NOT NULL,
    voted_at timestamp(6) with time zone
);


ALTER TABLE public.vote_tracker OWNER TO postgres;

--
-- Name: vote_tracker_id_seq; Type: SEQUENCE; Schema: public; Owner: postgres
--

ALTER TABLE public.vote_tracker ALTER COLUMN id ADD GENERATED BY DEFAULT AS IDENTITY (
    SEQUENCE NAME public.vote_tracker_id_seq
    START WITH 1
    INCREMENT BY 1
    NO MINVALUE
    NO MAXVALUE
    CACHE 1
);


--
-- Name: votes; Type: TABLE; Schema: public; Owner: postgres
--

CREATE TABLE public.votes (
    id bigint NOT NULL,
    candidate_id bigint NOT NULL,
    election_id bigint NOT NULL,
    voted_at timestamp(6) with time zone NOT NULL
);


ALTER TABLE public.votes OWNER TO postgres;

--
-- Name: votes_id_seq; Type: SEQUENCE; Schema: public; Owner: postgres
--

ALTER TABLE public.votes ALTER COLUMN id ADD GENERATED BY DEFAULT AS IDENTITY (
    SEQUENCE NAME public.votes_id_seq
    START WITH 1
    INCREMENT BY 1
    NO MINVALUE
    NO MAXVALUE
    CACHE 1
);


--
-- Data for Name: announcements; Type: TABLE DATA; Schema: public; Owner: postgres
--

COPY public.announcements (id, archived, category, content, image_url, is_archived, is_pinned, pinned, published_at, title, updated_at, author_id) FROM stdin;
\.


--
-- Data for Name: audit_logs; Type: TABLE DATA; Schema: public; Owner: postgres
--

COPY public.audit_logs (id, action, created_at, details, ip_address, updated_at, user_agent, user_id) FROM stdin;
1	LOGIN	2026-05-14 12:07:45.148265+08	Successful login from IP: 0:0:0:0:0:0:0:1	0:0:0:0:0:0:0:1	2026-05-14 12:07:45.148265+08	Mozilla/5.0 (Windows NT 10.0; Win64; x64) AppleWebKit/537.36 (KHTML, like Gecko) Chrome/148.0.0.0 Safari/537.36	1741e808-65dd-4156-899c-936fc776dc86
2	LOGIN	2026-05-14 12:07:55.540216+08	Successful login from IP: 0:0:0:0:0:0:0:1	0:0:0:0:0:0:0:1	2026-05-14 12:07:55.540216+08	Mozilla/5.0 (Windows NT 10.0; Win64; x64) AppleWebKit/537.36 (KHTML, like Gecko) Chrome/148.0.0.0 Safari/537.36	9a056e2f-0166-4773-818b-e1eb3bfcf95d
3	LOGIN	2026-05-14 12:08:09.531087+08	Successful login from IP: 0:0:0:0:0:0:0:1	0:0:0:0:0:0:0:1	2026-05-14 12:08:09.531087+08	Mozilla/5.0 (Windows NT 10.0; Win64; x64) AppleWebKit/537.36 (KHTML, like Gecko) Chrome/148.0.0.0 Safari/537.36	1741e808-65dd-4156-899c-936fc776dc86
4	LOGIN	2026-05-14 12:14:28.10714+08	Successful login from IP: 0:0:0:0:0:0:0:1	0:0:0:0:0:0:0:1	2026-05-14 12:14:28.10714+08	Mozilla/5.0 (Windows NT 10.0; Win64; x64) AppleWebKit/537.36 (KHTML, like Gecko) Chrome/148.0.0.0 Safari/537.36	1741e808-65dd-4156-899c-936fc776dc86
5	MEMBER_UPDATED	2026-05-14 12:14:45.021651+08	Updated details for: Jomari Millan Javier	0:0:0:0:0:0:0:1	2026-05-14 12:14:45.021651+08	Mozilla/5.0 (Windows NT 10.0; Win64; x64) AppleWebKit/537.36 (KHTML, like Gecko) Chrome/148.0.0.0 Safari/537.36	1741e808-65dd-4156-899c-936fc776dc86
6	LOGIN	2026-05-14 12:18:13.508991+08	Successful login from IP: 0:0:0:0:0:0:0:1	0:0:0:0:0:0:0:1	2026-05-14 12:18:13.508991+08	Mozilla/5.0 (Windows NT 10.0; Win64; x64) AppleWebKit/537.36 (KHTML, like Gecko) Chrome/148.0.0.0 Safari/537.36	1741e808-65dd-4156-899c-936fc776dc86
7	MEMBER_DEACTIVATED	2026-05-14 12:18:18.575807+08	Deactivated member account: Jomari Millan Javier	0:0:0:0:0:0:0:1	2026-05-14 12:18:18.575807+08	Mozilla/5.0 (Windows NT 10.0; Win64; x64) AppleWebKit/537.36 (KHTML, like Gecko) Chrome/148.0.0.0 Safari/537.36	1741e808-65dd-4156-899c-936fc776dc86
8	MEMBER_ACTIVATED	2026-05-14 12:18:23.390534+08	Activated member account: Jomari Millan Javier (jomari.javier)	0:0:0:0:0:0:0:1	2026-05-14 12:18:23.390534+08	Mozilla/5.0 (Windows NT 10.0; Win64; x64) AppleWebKit/537.36 (KHTML, like Gecko) Chrome/148.0.0.0 Safari/537.36	1741e808-65dd-4156-899c-936fc776dc86
9	LOGIN	2026-05-14 12:18:30.751276+08	Successful login from IP: 0:0:0:0:0:0:0:1	0:0:0:0:0:0:0:1	2026-05-14 12:18:30.751276+08	Mozilla/5.0 (Windows NT 10.0; Win64; x64) AppleWebKit/537.36 (KHTML, like Gecko) Chrome/148.0.0.0 Safari/537.36	9a056e2f-0166-4773-818b-e1eb3bfcf95d
10	LOGIN	2026-05-14 12:18:47.457947+08	Successful login from IP: 0:0:0:0:0:0:0:1	0:0:0:0:0:0:0:1	2026-05-14 12:18:47.457947+08	Mozilla/5.0 (Windows NT 10.0; Win64; x64) AppleWebKit/537.36 (KHTML, like Gecko) Chrome/148.0.0.0 Safari/537.36	9135e871-7c0a-4ef6-9374-ff598997b197
11	COMPLAINT_SUBMITTED	2026-05-14 12:19:22.175915+08	Subject: Maintenance Issue Water Pipe	0:0:0:0:0:0:0:1	2026-05-14 12:19:22.175915+08	Mozilla/5.0 (Windows NT 10.0; Win64; x64) AppleWebKit/537.36 (KHTML, like Gecko) Chrome/148.0.0.0 Safari/537.36	9135e871-7c0a-4ef6-9374-ff598997b197
12	LOGIN	2026-05-14 12:19:39.243168+08	Successful login from IP: 0:0:0:0:0:0:0:1	0:0:0:0:0:0:0:1	2026-05-14 12:19:39.243168+08	Mozilla/5.0 (Windows NT 10.0; Win64; x64) AppleWebKit/537.36 (KHTML, like Gecko) Chrome/148.0.0.0 Safari/537.36	1741e808-65dd-4156-899c-936fc776dc86
\.


--
-- Data for Name: audit_records; Type: TABLE DATA; Schema: public; Owner: postgres
--

COPY public.audit_records (id, amount, category, date, description, is_deleted, type, updated_at, user_id) FROM stdin;
\.


--
-- Data for Name: candidates; Type: TABLE DATA; Schema: public; Owner: postgres
--

COPY public.candidates (id, created_at, credentials, name, "position", vote_count, election_id) FROM stdin;
\.


--
-- Data for Name: community_projects; Type: TABLE DATA; Schema: public; Owner: postgres
--

COPY public.community_projects (id, budget, description, name, progress, start_date, status, timeline) FROM stdin;
\.


--
-- Data for Name: complaints; Type: TABLE DATA; Schema: public; Owner: postgres
--

COPY public.complaints (id, body, category, content, created_at, responded_at, response, status, subject, updated_at, urgency, responded_by_id, user_id, member_id) FROM stdin;
1	Water Pipe bursting it 123 Street	Maintenance	Water Pipe bursting it 123 Street	2026-05-14 12:19:22.172802+08	\N	\N	OPEN	Maintenance Issue Water Pipe	2026-05-14 12:19:22.172802+08	High	\N	9135e871-7c0a-4ef6-9374-ff598997b197	4
\.


--
-- Data for Name: elections; Type: TABLE DATA; Schema: public; Owner: postgres
--

COPY public.elections (id, created_at, description, end_date, start_date, status, title, created_by) FROM stdin;
\.


--
-- Data for Name: members; Type: TABLE DATA; Schema: public; Owner: postgres
--

COPY public.members (id, birth_date, contact_number, created_at, date_registered, email, family_members, full_name, gender, hoa_address, marital_status, password, role, status, updated_at, username) FROM stdin;
1	\N	\N	2026-05-14 12:07:36.769934+08	2026-05-14	\N	\N	John Member	\N	\N	\N	\N	Member	Active	2026-05-14 12:07:36.770934+08	member
2	\N	\N	2026-05-14 12:07:36.795888+08	2026-05-14	\N	\N	System Administrator	\N	\N	\N	\N	Officer	Active	2026-05-14 12:07:36.795888+08	admin
3	\N	\N	2026-05-14 12:07:36.799938+08	2026-05-14	\N	\N	Grand Administrator	\N	\N	\N	\N	Officer	Active	2026-05-14 12:07:36.799938+08	superadmin
4	2006-02-19	09888777666	2026-05-14 12:14:07.494436+08	2026-05-14	javier@gmail.com	none	Jomari Millan Javier	Male	123 Street	Single	$2a$10$dH.hKFL719PVfRQo99YOfubRn72QAwWNxUsyVxR0U79k.QTxDefqq	Member	Active	2026-05-14 12:18:23.384423+08	jomari.javier
\.


--
-- Data for Name: users; Type: TABLE DATA; Schema: public; Owner: postgres
--

COPY public.users (id, created_at, password_hash, role, status, updated_at, username) FROM stdin;
29cff745-a6df-40bd-ac6c-b86abd8d0b2c	2026-05-14 12:07:36.597144+08	$2a$10$q468dtOH8Nifto4iOMnzOeUcOnDD6Y7uWAFKimlctneW.oqUIShiy	SUPERADMIN	ACTIVE	2026-05-14 12:07:36.597144+08	superadmin
1741e808-65dd-4156-899c-936fc776dc86	2026-05-14 12:07:36.682177+08	$2a$10$/jFJ.v8N0I7NIIlSVGXP/ujz.CICY1mEKIXL0vJKxSMU9ZZT8U12O	ADMIN	ACTIVE	2026-05-14 12:07:36.682177+08	admin
9a056e2f-0166-4773-818b-e1eb3bfcf95d	2026-05-14 12:07:36.759374+08	$2a$10$PW0r3ycdYaLQjEokBLL01OkZnQj8kktteHCLtyTOh4gMmvHnumnoW	MEMBER	ACTIVE	2026-05-14 12:07:36.759374+08	member
9135e871-7c0a-4ef6-9374-ff598997b197	2026-05-14 12:18:23.380904+08	$2a$10$dH.hKFL719PVfRQo99YOfubRn72QAwWNxUsyVxR0U79k.QTxDefqq	MEMBER	ACTIVE	2026-05-14 12:18:23.380904+08	jomari.javier
\.


--
-- Data for Name: vote_tracker; Type: TABLE DATA; Schema: public; Owner: postgres
--

COPY public.vote_tracker (id, election_id, has_voted, member_id, voted_at) FROM stdin;
\.


--
-- Data for Name: votes; Type: TABLE DATA; Schema: public; Owner: postgres
--

COPY public.votes (id, candidate_id, election_id, voted_at) FROM stdin;
\.


--
-- Name: announcements_id_seq; Type: SEQUENCE SET; Schema: public; Owner: postgres
--

SELECT pg_catalog.setval('public.announcements_id_seq', 1, false);


--
-- Name: audit_logs_id_seq; Type: SEQUENCE SET; Schema: public; Owner: postgres
--

SELECT pg_catalog.setval('public.audit_logs_id_seq', 12, true);


--
-- Name: audit_records_id_seq; Type: SEQUENCE SET; Schema: public; Owner: postgres
--

SELECT pg_catalog.setval('public.audit_records_id_seq', 1, false);


--
-- Name: candidates_id_seq; Type: SEQUENCE SET; Schema: public; Owner: postgres
--

SELECT pg_catalog.setval('public.candidates_id_seq', 1, false);


--
-- Name: community_projects_id_seq; Type: SEQUENCE SET; Schema: public; Owner: postgres
--

SELECT pg_catalog.setval('public.community_projects_id_seq', 1, false);


--
-- Name: complaints_id_seq; Type: SEQUENCE SET; Schema: public; Owner: postgres
--

SELECT pg_catalog.setval('public.complaints_id_seq', 1, true);


--
-- Name: elections_id_seq; Type: SEQUENCE SET; Schema: public; Owner: postgres
--

SELECT pg_catalog.setval('public.elections_id_seq', 1, false);


--
-- Name: members_id_seq; Type: SEQUENCE SET; Schema: public; Owner: postgres
--

SELECT pg_catalog.setval('public.members_id_seq', 4, true);


--
-- Name: vote_tracker_id_seq; Type: SEQUENCE SET; Schema: public; Owner: postgres
--

SELECT pg_catalog.setval('public.vote_tracker_id_seq', 1, false);


--
-- Name: votes_id_seq; Type: SEQUENCE SET; Schema: public; Owner: postgres
--

SELECT pg_catalog.setval('public.votes_id_seq', 1, false);


--
-- Name: announcements announcements_pkey; Type: CONSTRAINT; Schema: public; Owner: postgres
--

ALTER TABLE ONLY public.announcements
    ADD CONSTRAINT announcements_pkey PRIMARY KEY (id);


--
-- Name: audit_logs audit_logs_pkey; Type: CONSTRAINT; Schema: public; Owner: postgres
--

ALTER TABLE ONLY public.audit_logs
    ADD CONSTRAINT audit_logs_pkey PRIMARY KEY (id);


--
-- Name: audit_records audit_records_pkey; Type: CONSTRAINT; Schema: public; Owner: postgres
--

ALTER TABLE ONLY public.audit_records
    ADD CONSTRAINT audit_records_pkey PRIMARY KEY (id);


--
-- Name: candidates candidates_pkey; Type: CONSTRAINT; Schema: public; Owner: postgres
--

ALTER TABLE ONLY public.candidates
    ADD CONSTRAINT candidates_pkey PRIMARY KEY (id);


--
-- Name: community_projects community_projects_pkey; Type: CONSTRAINT; Schema: public; Owner: postgres
--

ALTER TABLE ONLY public.community_projects
    ADD CONSTRAINT community_projects_pkey PRIMARY KEY (id);


--
-- Name: complaints complaints_pkey; Type: CONSTRAINT; Schema: public; Owner: postgres
--

ALTER TABLE ONLY public.complaints
    ADD CONSTRAINT complaints_pkey PRIMARY KEY (id);


--
-- Name: elections elections_pkey; Type: CONSTRAINT; Schema: public; Owner: postgres
--

ALTER TABLE ONLY public.elections
    ADD CONSTRAINT elections_pkey PRIMARY KEY (id);


--
-- Name: members members_pkey; Type: CONSTRAINT; Schema: public; Owner: postgres
--

ALTER TABLE ONLY public.members
    ADD CONSTRAINT members_pkey PRIMARY KEY (id);


--
-- Name: vote_tracker ukkpuis56oguu5bhctv7rrq80k8; Type: CONSTRAINT; Schema: public; Owner: postgres
--

ALTER TABLE ONLY public.vote_tracker
    ADD CONSTRAINT ukkpuis56oguu5bhctv7rrq80k8 UNIQUE (member_id, election_id);


--
-- Name: members uklj4daw762ura5d2y6iu7g5n1i; Type: CONSTRAINT; Schema: public; Owner: postgres
--

ALTER TABLE ONLY public.members
    ADD CONSTRAINT uklj4daw762ura5d2y6iu7g5n1i UNIQUE (username);


--
-- Name: users ukr43af9ap4edm43mmtq01oddj6; Type: CONSTRAINT; Schema: public; Owner: postgres
--

ALTER TABLE ONLY public.users
    ADD CONSTRAINT ukr43af9ap4edm43mmtq01oddj6 UNIQUE (username);


--
-- Name: users users_pkey; Type: CONSTRAINT; Schema: public; Owner: postgres
--

ALTER TABLE ONLY public.users
    ADD CONSTRAINT users_pkey PRIMARY KEY (id);


--
-- Name: vote_tracker vote_tracker_pkey; Type: CONSTRAINT; Schema: public; Owner: postgres
--

ALTER TABLE ONLY public.vote_tracker
    ADD CONSTRAINT vote_tracker_pkey PRIMARY KEY (id);


--
-- Name: votes votes_pkey; Type: CONSTRAINT; Schema: public; Owner: postgres
--

ALTER TABLE ONLY public.votes
    ADD CONSTRAINT votes_pkey PRIMARY KEY (id);


--
-- Name: idx_audit_log_created; Type: INDEX; Schema: public; Owner: postgres
--

CREATE INDEX idx_audit_log_created ON public.audit_logs USING btree (created_at);


--
-- Name: idx_audit_log_user; Type: INDEX; Schema: public; Owner: postgres
--

CREATE INDEX idx_audit_log_user ON public.audit_logs USING btree (user_id);


--
-- Name: announcements fk1pgl63iwbqvmngumhvr3xopg3; Type: FK CONSTRAINT; Schema: public; Owner: postgres
--

ALTER TABLE ONLY public.announcements
    ADD CONSTRAINT fk1pgl63iwbqvmngumhvr3xopg3 FOREIGN KEY (author_id) REFERENCES public.users(id);


--
-- Name: complaints fk83j5gqkd7ku4vc908g4rtmglr; Type: FK CONSTRAINT; Schema: public; Owner: postgres
--

ALTER TABLE ONLY public.complaints
    ADD CONSTRAINT fk83j5gqkd7ku4vc908g4rtmglr FOREIGN KEY (user_id) REFERENCES public.users(id);


--
-- Name: complaints fkbgvolmdks5vg8wsfvwf57s06o; Type: FK CONSTRAINT; Schema: public; Owner: postgres
--

ALTER TABLE ONLY public.complaints
    ADD CONSTRAINT fkbgvolmdks5vg8wsfvwf57s06o FOREIGN KEY (member_id) REFERENCES public.members(id);


--
-- Name: audit_logs fkjs4iimve3y0xssbtve5ysyef0; Type: FK CONSTRAINT; Schema: public; Owner: postgres
--

ALTER TABLE ONLY public.audit_logs
    ADD CONSTRAINT fkjs4iimve3y0xssbtve5ysyef0 FOREIGN KEY (user_id) REFERENCES public.users(id);


--
-- Name: complaints fkkr1wrmb276yk4nc1t9s7yy3iw; Type: FK CONSTRAINT; Schema: public; Owner: postgres
--

ALTER TABLE ONLY public.complaints
    ADD CONSTRAINT fkkr1wrmb276yk4nc1t9s7yy3iw FOREIGN KEY (responded_by_id) REFERENCES public.users(id);


--
-- Name: candidates fkmdu3yssghrl36wth97l9b9a9d; Type: FK CONSTRAINT; Schema: public; Owner: postgres
--

ALTER TABLE ONLY public.candidates
    ADD CONSTRAINT fkmdu3yssghrl36wth97l9b9a9d FOREIGN KEY (election_id) REFERENCES public.elections(id);


--
-- Name: elections fkncm1jn0m42hvnikns41yprhfn; Type: FK CONSTRAINT; Schema: public; Owner: postgres
--

ALTER TABLE ONLY public.elections
    ADD CONSTRAINT fkncm1jn0m42hvnikns41yprhfn FOREIGN KEY (created_by) REFERENCES public.users(id);


--
-- Name: audit_records fknv6qgehh55x0g2pvfrm7o954l; Type: FK CONSTRAINT; Schema: public; Owner: postgres
--

ALTER TABLE ONLY public.audit_records
    ADD CONSTRAINT fknv6qgehh55x0g2pvfrm7o954l FOREIGN KEY (user_id) REFERENCES public.users(id);


--
-- Name: SCHEMA public; Type: ACL; Schema: -; Owner: postgres
--

REVOKE USAGE ON SCHEMA public FROM PUBLIC;
GRANT ALL ON SCHEMA public TO PUBLIC;


--
-- PostgreSQL database dump complete
--

\unrestrict tyhyV6kcWupRjsQ9xWaJ5zr3PMfHUQU226745kDP8a53zD1F8EoPwOlRQPWs1Mp

